<?xml version="1.0" encoding="UTF-8"?>
<spring-timbrature-acquisizione-in><timbratura><identificativo>50774712</identificativo><verso>E</verso><badge>402691</badge><data>2024-04-02</data><minuti>580</minuti><testina>0101</testina><concentratore>CONC</concentratore></timbratura><timbratura><identificativo>50775311</identificativo><verso>U</verso><badge>402691</badge><data>2024-04-02</data><minuti>669</minuti><testina>0102</testina><concentratore>CONC</concentratore></timbratura><timbratura><identificativo>50869966</identificativo><verso>U</verso><badge>402691</badge><data>2024-04-09</data><minuti>1001</minuti><testina>0104</testina><concentratore>CONC</concentratore></timbratura><timbratura><identificativo>50870874</identificativo><verso>E</verso><badge>402691</badge><data>2024-04-09</data><minuti>1031</minuti><testina>0103</testina><concentratore>CONC</concentratore></timbratura><timbratura><identificativo>50882004</identificativo><verso>U</verso><badge>402691</badge><data>2024-04-10</data><minuti>789</minuti><testina>0104</testina><concentratore>CONC</concentratore></timbratura><timbratura><identificativo>50885752</identificativo><verso>E</verso><badge>402691</badge><data>2024-04-10</data><minuti>849</minuti><testina>0103</testina><concentratore>CONC</concentratore></timbratura><timbratura><identificativo>50888202</identificativo><verso>U</verso><badge>402691</badge><data>2024-04-10</data><minuti>913</minuti><testina>0104</testina><concentratore>CONC</concentratore></timbratura><timbratura><identificativo>50889143</identificativo><verso>E</verso><badge>402691</badge><data>2024-04-10</data><minuti>952</minuti><testina>0107</testina><concentratore>CONC</concentratore></timbratura><timbratura><identificativo>50951413</identificativo><verso>E</verso><badge>201414</badge><data>2024-04-16</data><minuti>586</minuti><testina>1503</testina><concentratore>CONC</concentratore></timbratura><timbratura><identificativo>50954561</identificativo><verso>U</verso><badge>122482</badge><data>2024-04-16</data><minuti>808</minuti><testina>6604</testina><concentratore>CONC</concentratore></timbratura><timbratura><identificativo>50954562</identificativo><verso>E</verso><badge>104065</badge><data>2024-04-16</data><minuti>807</minuti><testina>2704</testina><concentratore>CONC</concentratore></timbratura><timbratura><identificativo>50954563</identificativo><verso>U</verso><badge>201733</badge><data>2024-04-16</data><minuti>808</minuti><testina>1504</testina><concentratore>CONC</concentratore></timbratura><timbratura><identificativo>50954564</identificativo><verso>U</verso><badge>212690</badge><data>2024-04-16</data><minuti>808</minuti><testina>1506</testina><concentratore>CONC</concentratore></timbratura><timbratura><identificativo>50954565</identificativo><verso>U</verso><badge>112758</badge><data>2024-04-16</data><minuti>808</minuti><testina>P711</testina><concentratore>CONC</concentratore></timbratura><timbratura><identificativo>50954566</identificativo><verso>U</verso><badge>121737</badge><data>2024-04-16</data><minuti>808</minuti><testina>6605</testina><concentratore>CONC</concentratore></timbratura><timbratura><identificativo>50954567</identificativo><verso>U</verso><badge>113186</badge><data>2024-04-16</data><minuti>808</minuti><testina>1916</testina><concentratore>CONC</concentratore></timbratura><timbratura><identificativo>50954568</identificativo><verso>U</verso><badge>121850</badge><data>2024-04-16</data><minuti>808</minuti><testina>5405</testina><concentratore>CONC</concentratore></timbratura><timbratura><identificativo>50954569</identificativo><verso>E</verso><badge>121506</badge><data>2024-04-16</data><minuti>808</minuti><testina>6602</testina><concentratore>CONC</concentratore></timbratura><timbratura><identificativo>50954570</identificativo><verso>E</verso><badge>100458</badge><data>2024-04-16</data><minuti>808</minuti><testina>1503</testina><concentratore>CONC</concentratore></timbratura><timbratura><identificativo>50954571</identificativo><verso>U</verso><badge>119788</badge><data>2024-04-16</data><minuti>808</minuti><testina>1506</testina><concentratore>CONC</concentratore></timbratura><timbratura><identificativo>50954572</identificativo><verso>U</verso><badge>117185</badge><data>2024-04-16</data><minuti>808</minuti><testina>1306</testina><concentratore>CONC</concentratore></timbratura><timbratura><identificativo>50954573</identificativo><verso>E</verso><badge>307454</badge><data>2024-04-16</data><minuti>808</minuti><testina>1503</testina><concentratore>CONC</concentratore></timbratura><timbratura><identificativo>50954574</identificativo><verso>U</verso><badge>107543</badge><data>2024-04-16</data><minuti>808</minuti><testina>P801</testina><concentratore>CONC</concentratore></timbratura><timbratura><identificativo>50954575</identificativo><verso>E</verso><badge>121306</badge><data>2024-04-16</data><minuti>808</minuti><testina>2708</testina><concentratore>CONC</concentratore></timbratura><timbratura><identificativo>50954576</identificativo><verso>U</verso><badge>107529</badge><data>2024-04-16</data><minuti>808</minuti><testina>P607</testina><concentratore>CONC</concentratore></timbratura><timbratura><identificativo>50954577</identificativo><verso>E</verso><badge>305938</badge><data>2024-04-16</data><minuti>808</minuti><testina>1601</testina><concentratore>CONC</concentratore></timbratura><timbratura><identificativo>50954578</identificativo><verso>U</verso><badge>121117</badge><data>2024-04-16</data><minuti>808</minuti><testina>4401</testina><concentratore>CONC</concentratore></timbratura><timbratura><identificativo>50954579</identificativo><verso>E</verso><badge>306745</badge><data>2024-04-16</data><minuti>808</minuti><testina>1503</testina><concentratore>CONC</concentratore></timbratura><timbratura><identificativo>50954580</identificativo><verso>E</verso><badge>306763</badge><data>2024-04-16</data><minuti>808</minuti><testina>1601</testina><concentratore>CONC</concentratore></timbratura><timbratura><identificativo>50954581</identificativo><verso>U</verso><badge>120798</badge><data>2024-04-16</data><minuti>808</minuti><testina>3901</testina><concentratore>CONC</concentratore></timbratura><timbratura><identificativo>50954582</identificativo><verso>E</verso><badge>118403</badge><data>2024-04-16</data><minuti>808</minuti><testina>6004</testina><concentratore>CONC</concentratore></timbratura><timbratura><identificativo>50954583</identificativo><verso>U</verso><badge>114435</badge><data>2024-04-16</data><minuti>808</minuti><testina>7413</testina><concentratore>CONC</concentratore></timbratura><timbratura><identificativo>50954584</identificativo><verso>E</verso><badge>121208</badge><data>2024-04-16</data><minuti>808</minuti><testina>0310</testina><concentratore>CONC</concentratore></timbratura><timbratura><identificativo>50954585</identificativo><verso>U</verso><badge>121808</badge><data>2024-04-16</data><minuti>808</minuti><testina>1506</testina><concentratore>CONC</concentratore></timbratura><timbratura><identificativo>50954586</identificativo><verso>U</verso><badge>117032</badge><data>2024-04-16</data><minuti>808</minuti><testina>1504</testina><concentratore>CONC</concentratore></timbratura><timbratura><identificativo>50954587</identificativo><verso>U</verso><badge>114339</badge><data>2024-04-16</data><minuti>808</minuti><testina>6601</testina><concentratore>CONC</concentratore></timbratura><timbratura><identificativo>50954588</identificativo><verso>U</verso><badge>115082</badge><data>2024-04-16</data><minuti>808</minuti><testina>7460</testina><concentratore>CONC</concentratore></timbratura><timbratura><identificativo>50954589</identificativo><verso>E</verso><badge>121384</badge><data>2024-04-16</data><minuti>808</minuti><testina>0001</testina><concentratore>CONC</concentratore></timbratura><timbratura><identificativo>50954590</identificativo><verso>U</verso><badge>121956</badge><data>2024-04-16</data><minuti>808</minuti><testina>1508</testina><concentratore>CONC</concentratore></timbratura><timbratura><identificativo>50954591</identificativo><verso>U</verso><badge>116507</badge><data>2024-04-16</data><minuti>808</minuti><testina>1504</testina><concentratore>CONC</concentratore></timbratura><timbratura><identificativo>50954592</identificativo><verso>E</verso><badge>201451</badge><data>2024-04-16</data><minuti>808</minuti><testina>7422</testina><concentratore>CONC</concentratore></timbratura><timbratura><identificativo>50954593</identificativo><verso>U</verso><badge>307973</badge><data>2024-04-16</data><minuti>808</minuti><testina>1506</testina><concentratore>CONC</concentratore></timbratura><timbratura><identificativo>50954594</identificativo><verso>E</verso><badge>104595</badge><data>2024-04-16</data><minuti>808</minuti><testina>5603</testina><concentratore>CONC</concentratore></timbratura><timbratura><identificativo>50954595</identificativo><verso>E</verso><badge>117001</badge><data>2024-04-16</data><minuti>808</minuti><testina>7416</testina><concentratore>CONC</concentratore></timbratura><timbratura><identificativo>50954596</identificativo><verso>E</verso><badge>118414</badge><data>2024-04-16</data><minuti>808</minuti><testina>0907</testina><concentratore>CONC</concentratore></timbratura><timbratura><identificativo>50954597</identificativo><verso>U</verso><badge>121317</badge><data>2024-04-16</data><minuti>808</minuti><testina>7456</testina><concentratore>CONC</concentratore></timbratura><timbratura><identificativo>50954598</identificativo><verso>E</verso><badge>120729</badge><data>2024-04-16</data><minuti>808</minuti><testina>6002</testina><concentratore>CONC</concentratore></timbratura><timbratura><identificativo>50954599</identificativo><verso>E</verso><badge>113190</badge><data>2024-04-16</data><minuti>809</minuti><testina>0205</testina><concentratore>CONC</concentratore></timbratura><timbratura><identificativo>50954600</identificativo><verso>U</verso><badge>121691</badge><data>2024-04-16</data><minuti>808</minuti><testina>0602</testina><concentratore>CONC</concentratore></timbratura><timbratura><identificativo>50954601</identificativo><verso>U</verso><badge>122159</badge><data>2024-04-16</data><minuti>808</minuti><testina>0606</testina><concentratore>CONC</concentratore></timbratura><timbratura><identificativo>50954602</identificativo><verso>E</verso><badge>115116</badge><data>2024-04-16</data><minuti>808</minuti><testina>4006</testina><concentratore>CONC</concentratore></timbratura><timbratura><identificativo>50954603</identificativo><verso>U</verso><badge>116153</badge><data>2024-04-16</data><minuti>809</minuti><testina>P618</testina><concentratore>CONC</concentratore></timbratura><timbratura><identificativo>50954604</identificativo><verso>U</verso><badge>120287</badge><data>2024-04-16</data><minuti>809</minuti><testina>P618</testina><concentratore>CONC</concentratore></timbratura><timbratura><identificativo>50954605</identificativo><verso>U</verso><badge>107094</badge><data>2024-04-16</data><minuti>809</minuti><testina>P712</testina><concentratore>CONC</concentratore></timbratura><timbratura><identificativo>50954606</identificativo><verso>E</verso><badge>120465</badge><data>2024-04-16</data><minuti>809</minuti><testina>2511</testina><concentratore>CONC</concentratore></timbratura><timbratura><identificativo>50954607</identificativo><verso>E</verso><badge>104504</badge><data>2024-04-16</data><minuti>808</minuti><testina>5203</testina><concentratore>CONC</concentratore></timbratura><timbratura><identificativo>50954608</identificativo><verso>U</verso><badge>116080</badge><data>2024-04-16</data><minuti>809</minuti><testina>7442</testina><concentratore>CONC</concentratore></timbratura><timbratura><identificativo>50954609</identificativo><verso>U</verso><badge>122335</badge><data>2024-04-16</data><minuti>809</minuti><testina>P414</testina><concentratore>CONC</concentratore></timbratura><timbratura><identificativo>50954610</identificativo><verso>U</verso><badge>120495</badge><data>2024-04-16</data><minuti>809</minuti><testina>3507</testina><concentratore>CONC</concentratore></timbratura><timbratura><identificativo>50954611</identificativo><verso>E</verso><badge>114029</badge><data>2024-04-16</data><minuti>809</minuti><testina>6605</testina><concentratore>CONC</concentratore></timbratura><timbratura><identificativo>50954612</identificativo><verso>U</verso><badge>102471</badge><data>2024-04-16</data><minuti>809</minuti><testina>3701</testina><concentratore>CONC</concentratore></timbratura><timbratura><identificativo>50954613</identificativo><verso>U</verso><badge>104899</badge><data>2024-04-16</data><minuti>809</minuti><testina>6003</testina><concentratore>CONC</concentratore></timbratura><timbratura><identificativo>50954614</identificativo><verso>U</verso><badge>122325</badge><data>2024-04-16</data><minuti>809</minuti><testina>3702</testina><concentratore>CONC</concentratore></timbratura><timbratura><identificativo>50954615</identificativo><verso>U</verso><badge>117674</badge><data>2024-04-16</data><minuti>809</minuti><testina>6003</testina><concentratore>CONC</concentratore></timbratura><timbratura><identificativo>50954616</identificativo><verso>E</verso><badge>117124</badge><data>2024-04-16</data><minuti>809</minuti><testina>0605</testina><concentratore>CONC</concentratore></timbratura><timbratura><identificativo>50954617</identificativo><verso>E</verso><badge>302746</badge><data>2024-04-16</data><minuti>809</minuti><testina>1503</testina><concentratore>CONC</concentratore></timbratura><timbratura><identificativo>50954618</identificativo><verso>E</verso><badge>308146</badge><data>2024-04-16</data><minuti>809</minuti><testina>1505</testina><concentratore>CONC</concentratore></timbratura><timbratura><identificativo>50954619</identificativo><verso>U</verso><badge>112689</badge><data>2024-04-16</data><minuti>809</minuti><testina>3702</testina><concentratore>CONC</concentratore></timbratura><timbratura><identificativo>50954620</identificativo><verso>E</verso><badge>112168</badge><data>2024-04-16</data><minuti>809</minuti><testina>7416</testina><concentratore>CONC</concentratore></timbratura><timbratura><identificativo>50954621</identificativo><verso>U</verso><badge>119638</badge><data>2024-04-16</data><minuti>809</minuti><testina>3701</testina><concentratore>CONC</concentratore></timbratura><timbratura><identificativo>50954622</identificativo><verso>U</verso><badge>119695</badge><data>2024-04-16</data><minuti>809</minuti><testina>1506</testina><concentratore>CONC</concentratore></timbratura><timbratura><identificativo>50954623</identificativo><verso>E</verso><badge>121967</badge><data>2024-04-16</data><minuti>809</minuti><testina>P510</testina><concentratore>CONC</concentratore></timbratura><timbratura><identificativo>50954624</identificativo><verso>E</verso><badge>116283</badge><data>2024-04-16</data><minuti>809</minuti><testina>6701</testina><concentratore>CONC</concentratore></timbratura><timbratura><identificativo>50954625</identificativo><verso>E</verso><badge>213443</badge><data>2024-04-16</data><minuti>809</minuti><testina>7422</testina><concentratore>CONC</concentratore></timbratura><timbratura><identificativo>50954626</identificativo><verso>U</verso><badge>121720</badge><data>2024-04-16</data><minuti>809</minuti><testina>6006</testina><concentratore>CONC</concentratore></timbratura><timbratura><identificativo>50954627</identificativo><verso>E</verso><badge>119156</badge><data>2024-04-16</data><minuti>809</minuti><testina>1503</testina><concentratore>CONC</concentratore></timbratura><timbratura><identificativo>50954628</identificativo><verso>U</verso><badge>115923</badge><data>2024-04-16</data><minuti>809</minuti><testina>4502</testina><concentratore>CONC</concentratore></timbratura><timbratura><identificativo>50954629</identificativo><verso>U</verso><badge>107279</badge><data>2024-04-16</data><minuti>809</minuti><testina>P616</testina><concentratore>CONC</concentratore></timbratura><timbratura><identificativo>50954630</identificativo><verso>U</verso><badge>114853</badge><data>2024-04-16</data><minuti>809</minuti><testina>1916</testina><concentratore>CONC</concentratore></timbratura><timbratura><identificativo>50954631</identificativo><verso>E</verso><badge>104068</badge><data>2024-04-16</data><minuti>809</minuti><testina>2706</testina><concentratore>CONC</concentratore><causale>00001</causale></timbratura><timbratura><identificativo>50954632</identificativo><verso>E</verso><badge>120555</badge><data>2024-04-16</data><minuti>809</minuti><testina>5704</testina><concentratore>CONC</concentratore></timbratura><timbratura><identificativo>50954633</identificativo><verso>E</verso><badge>122368</badge><data>2024-04-16</data><minuti>809</minuti><testina>0005</testina><concentratore>CONC</concentratore></timbratura><timbratura><identificativo>50954634</identificativo><verso>E</verso><badge>117994</badge><data>2024-04-16</data><minuti>809</minuti><testina>3507</testina><concentratore>CONC</concentratore></timbratura><timbratura><identificativo>50954635</identificativo><verso>U</verso><badge>116917</badge><data>2024-04-16</data><minuti>809</minuti><testina>6203</testina><concentratore>CONC</concentratore></timbratura><timbratura><identificativo>50954636</identificativo><verso>U</verso><badge>105167</badge><data>2024-04-16</data><minuti>809</minuti><testina>1912</testina><concentratore>CONC</concentratore></timbratura><timbratura><identificativo>50954637</identificativo><verso>U</verso><badge>121727</badge><data>2024-04-16</data><minuti>809</minuti><testina>3401</testina><concentratore>CONC</concentratore></timbratura><timbratura><identificativo>50954638</identificativo><verso>E</verso><badge>106021</badge><data>2024-04-16</data><minuti>809</minuti><testina>7003</testina><concentratore>CONC</concentratore></timbratura><timbratura><identificativo>50954639</identificativo><verso>E</verso><badge>116262</badge><data>2024-04-16</data><minuti>809</minuti><testina>0310</testina><concentratore>CONC</concentratore></timbratura><timbratura><identificativo>50954640</identificativo><verso>U</verso><badge>122618</badge><data>2024-04-16</data><minuti>809</minuti><testina>P510</testina><concentratore>CONC</concentratore></timbratura><timbratura><identificativo>50954641</identificativo><verso>E</verso><badge>202216</badge><data>2024-04-16</data><minuti>809</minuti><testina>P219</testina><concentratore>CONC</concentratore></timbratura><timbratura><identificativo>50954642</identificativo><verso>U</verso><badge>118570</badge><data>2024-04-16</data><minuti>809</minuti><testina>1506</testina><concentratore>CONC</concentratore></timbratura><timbratura><identificativo>50954643</identificativo><verso>U</verso><badge>121522</badge><data>2024-04-16</data><minuti>809</minuti><testina>1916</testina><concentratore>CONC</concentratore></timbratura><timbratura><identificativo>50954644</identificativo><verso>U</verso><badge>104365</badge><data>2024-04-16</data><minuti>810</minuti><testina>5402</testina><concentratore>CONC</concentratore></timbratura><timbratura><identificativo>50954645</identificativo><verso>E</verso><badge>121352</badge><data>2024-04-16</data><minuti>809</minuti><testina>5108</testina><concentratore>CONC</concentratore></timbratura><timbratura><identificativo>50954646</identificativo><verso>E</verso><badge>104618</badge><data>2024-04-16</data><minuti>809</minuti><testina>5608</testina><concentratore>CONC</concentratore></timbratura><timbratura><identificativo>50954647</identificativo><verso>U</verso><badge>116416</badge><data>2024-04-16</data><minuti>810</minuti><testina>P004</testina><concentratore>CONC</concentratore></timbratura><timbratura><identificativo>50954648</identificativo><verso>U</verso><badge>112285</badge><data>2024-04-16</data><minuti>809</minuti><testina>1002</testina><concentratore>CONC</concentratore></timbratura><timbratura><identificativo>50954649</identificativo><verso>U</verso><badge>120053</badge><data>2024-04-16</data><minuti>810</minuti><testina>4405</testina><concentratore>CONC</concentratore></timbratura><timbratura><identificativo>50954650</identificativo><verso>U</verso><badge>115449</badge><data>2024-04-16</data><minuti>810</minuti><testina>5905</testina><concentratore>CONC</concentratore></timbratura><timbratura><identificativo>50954651</identificativo><verso>U</verso><badge>114701</badge><data>2024-04-16</data><minuti>810</minuti><testina>5904</testina><concentratore>CONC</concentratore></timbratura><timbratura><identificativo>50954652</identificativo><verso>U</verso><badge>104843</badge><data>2024-04-16</data><minuti>810</minuti><testina>5906</testina><concentratore>CONC</concentratore></timbratura><timbratura><identificativo>50954653</identificativo><verso>U</verso><badge>121716</badge><data>2024-04-16</data><minuti>810</minuti><testina>4604</testina><concentratore>CONC</concentratore></timbratura><timbratura><identificativo>50954654</identificativo><verso>E</verso><badge>307749</badge><data>2024-04-16</data><minuti>809</minuti><testina>1601</testina><concentratore>CONC</concentratore></timbratura><timbratura><identificativo>50954655</identificativo><verso>U</verso><badge>108637</badge><data>2024-04-16</data><minuti>810</minuti><testina>P021</testina><concentratore>CONC</concentratore></timbratura><timbratura><identificativo>50954656</identificativo><verso>U</verso><badge>104769</badge><data>2024-04-16</data><minuti>810</minuti><testina>6705</testina><concentratore>CONC</concentratore></timbratura><timbratura><identificativo>50954657</identificativo><verso>U</verso><badge>104644</badge><data>2024-04-16</data><minuti>810</minuti><testina>5704</testina><concentratore>CONC</concentratore></timbratura><timbratura><identificativo>50954658</identificativo><verso>U</verso><badge>105412</badge><data>2024-04-16</data><minuti>810</minuti><testina>6502</testina><concentratore>CONC</concentratore></timbratura><timbratura><identificativo>50954659</identificativo><verso>U</verso><badge>111719</badge><data>2024-04-16</data><minuti>810</minuti><testina>7003</testina><concentratore>CONC</concentratore></timbratura><timbratura><identificativo>50954660</identificativo><verso>U</verso><badge>121229</badge><data>2024-04-16</data><minuti>810</minuti><testina>P516</testina><concentratore>CONC</concentratore></timbratura><timbratura><identificativo>50954661</identificativo><verso>U</verso><badge>104829</badge><data>2024-04-16</data><minuti>810</minuti><testina>5904</testina><concentratore>CONC</concentratore></timbratura><timbratura><identificativo>50954662</identificativo><verso>U</verso><badge>101976</badge><data>2024-04-16</data><minuti>810</minuti><testina>3108</testina><concentratore>CONC</concentratore></timbratura><timbratura><identificativo>50954663</identificativo><verso>U</verso><badge>121235</badge><data>2024-04-16</data><minuti>810</minuti><testina>3804</testina><concentratore>CONC</concentratore></timbratura><timbratura><identificativo>50954664</identificativo><verso>U</verso><badge>102987</badge><data>2024-04-16</data><minuti>810</minuti><testina>4201</testina><concentratore>CONC</concentratore></timbratura><timbratura><identificativo>50954665</identificativo><verso>U</verso><badge>113196</badge><data>2024-04-16</data><minuti>810</minuti><testina>6603</testina><concentratore>CONC</concentratore></timbratura><timbratura><identificativo>50954666</identificativo><verso>E</verso><badge>119916</badge><data>2024-04-16</data><minuti>810</minuti><testina>3507</testina><concentratore>CONC</concentratore></timbratura><timbratura><identificativo>50954667</identificativo><verso>U</verso><badge>120672</badge><data>2024-04-16</data><minuti>810</minuti><testina>5108</testina><concentratore>CONC</concentratore></timbratura><timbratura><identificativo>50954668</identificativo><verso>U</verso><badge>115739</badge><data>2024-04-16</data><minuti>810</minuti><testina>7002</testina><concentratore>CONC</concentratore></timbratura><timbratura><identificativo>50954669</identificativo><verso>U</verso><badge>115619</badge><data>2024-04-16</data><minuti>810</minuti><testina>7460</testina><concentratore>CONC</concentratore></timbratura><timbratura><identificativo>50954670</identificativo><verso>U</verso><badge>117886</badge><data>2024-04-16</data><minuti>810</minuti><testina>P414</testina><concentratore>CONC</concentratore></timbratura><timbratura><identificativo>50954671</identificativo><verso>U</verso><badge>107605</badge><data>2024-04-16</data><minuti>810</minuti><testina>P511</testina><concentratore>CONC</concentratore></timbratura><timbratura><identificativo>50954672</identificativo><verso>U</verso><badge>102875</badge><data>2024-04-16</data><minuti>810</minuti><testina>4103</testina><concentratore>CONC</concentratore></timbratura><timbratura><identificativo>50954673</identificativo><verso>U</verso><badge>122522</badge><data>2024-04-16</data><minuti>810</minuti><testina>0608</testina><concentratore>CONC</concentratore></timbratura><timbratura><identificativo>50954674</identificativo><verso>U</verso><badge>102497</badge><data>2024-04-16</data><minuti>810</minuti><testina>3703</testina><concentratore>CONC</concentratore></timbratura><timbratura><identificativo>50954675</identificativo><verso>U</verso><badge>121803</badge><data>2024-04-16</data><minuti>810</minuti><testina>3401</testina><concentratore>CONC</concentratore></timbratura><timbratura><identificativo>50954676</identificativo><verso>U</verso><badge>119295</badge><data>2024-04-16</data><minuti>810</minuti><testina>2707</testina><concentratore>CONC</concentratore></timbratura><timbratura><identificativo>50954677</identificativo><verso>U</verso><badge>102588</badge><data>2024-04-16</data><minuti>810</minuti><testina>3806</testina><concentratore>CONC</concentratore></timbratura><timbratura><identificativo>50954678</identificativo><verso>U</verso><badge>200158</badge><data>2024-04-16</data><minuti>810</minuti><testina>3601</testina><concentratore>CONC</concentratore></timbratura><timbratura><identificativo>50954679</identificativo><verso>U</verso><badge>102983</badge><data>2024-04-16</data><minuti>810</minuti><testina>4108</testina><concentratore>CONC</concentratore></timbratura><timbratura><identificativo>50954680</identificativo><verso>U</verso><badge>118672</badge><data>2024-04-16</data><minuti>810</minuti><testina>6812</testina><concentratore>CONC</concentratore></timbratura><timbratura><identificativo>50954681</identificativo><verso>U</verso><badge>116696</badge><data>2024-04-16</data><minuti>810</minuti><testina>7413</testina><concentratore>CONC</concentratore></timbratura><timbratura><identificativo>50954682</identificativo><verso>U</verso><badge>119341</badge><data>2024-04-16</data><minuti>810</minuti><testina>3102</testina><concentratore>CONC</concentratore></timbratura><timbratura><identificativo>50954683</identificativo><verso>U</verso><badge>118027</badge><data>2024-04-16</data><minuti>810</minuti><testina>6504</testina><concentratore>CONC</concentratore></timbratura><timbratura><identificativo>50954684</identificativo><verso>U</verso><badge>114470</badge><data>2024-04-16</data><minuti>810</minuti><testina>5608</testina><concentratore>CONC</concentratore></timbratura><timbratura><identificativo>50954685</identificativo><verso>U</verso><badge>120539</badge><data>2024-04-16</data><minuti>810</minuti><testina>3103</testina><concentratore>CONC</concentratore></timbratura><timbratura><identificativo>50954686</identificativo><verso>U</verso><badge>120235</badge><data>2024-04-16</data><minuti>810</minuti><testina>1506</testina><concentratore>CONC</concentratore></timbratura><timbratura><identificativo>50954687</identificativo><verso>U</verso><badge>120808</badge><data>2024-04-16</data><minuti>810</minuti><testina>5307</testina><concentratore>CONC</concentratore></timbratura><timbratura><identificativo>50954688</identificativo><verso>U</verso><badge>116907</badge><data>2024-04-16</data><minuti>810</minuti><testina>3703</testina><concentratore>CONC</concentratore></timbratura><timbratura><identificativo>50954689</identificativo><verso>U</verso><badge>202196</badge><data>2024-04-16</data><minuti>810</minuti><testina>2701</testina><concentratore>CONC</concentratore></timbratura><timbratura><identificativo>50954690</identificativo><verso>U</verso><badge>118617</badge><data>2024-04-16</data><minuti>810</minuti><testina>6805</testina><concentratore>CONC</concentratore></timbratura><timbratura><identificativo>50954691</identificativo><verso>U</verso><badge>112608</badge><data>2024-04-16</data><minuti>810</minuti><testina>P612</testina><concentratore>CONC</concentratore></timbratura><timbratura><identificativo>50954692</identificativo><verso>U</verso><badge>114813</badge><data>2024-04-16</data><minuti>810</minuti><testina>7415</testina><concentratore>CONC</concentratore></timbratura><timbratura><identificativo>50954693</identificativo><verso>U</verso><badge>113182</badge><data>2024-04-16</data><minuti>810</minuti><testina>5307</testina><concentratore>CONC</concentratore></timbratura><timbratura><identificativo>50954694</identificativo><verso>U</verso><badge>104302</badge><data>2024-04-16</data><minuti>810</minuti><testina>5303</testina><concentratore>CONC</concentratore></timbratura><timbratura><identificativo>50954695</identificativo><verso>U</verso><badge>110662</badge><data>2024-04-16</data><minuti>810</minuti><testina>1602</testina><concentratore>CONC</concentratore></timbratura><timbratura><identificativo>50954696</identificativo><verso>U</verso><badge>122160</badge><data>2024-04-16</data><minuti>810</minuti><testina>3806</testina><concentratore>CONC</concentratore></timbratura><timbratura><identificativo>50954697</identificativo><verso>U</verso><badge>100952</badge><data>2024-04-16</data><minuti>810</minuti><testina>7458</testina><concentratore>CONC</concentratore></timbratura><timbratura><identificativo>50954698</identificativo><verso>U</verso><badge>105729</badge><data>2024-04-16</data><minuti>810</minuti><testina>6704</testina><concentratore>CONC</concentratore></timbratura><timbratura><identificativo>50954699</identificativo><verso>U</verso><badge>104760</badge><data>2024-04-16</data><minuti>810</minuti><testina>6705</testina><concentratore>CONC</concentratore><causale>00013</causale></timbratura><timbratura><identificativo>50954700</identificativo><verso>U</verso><badge>105821</badge><data>2024-04-16</data><minuti>810</minuti><testina>6805</testina><concentratore>CONC</concentratore></timbratura><timbratura><identificativo>50954701</identificativo><verso>U</verso><badge>120499</badge><data>2024-04-16</data><minuti>810</minuti><testina>3102</testina><concentratore>CONC</concentratore></timbratura><timbratura><identificativo>50954702</identificativo><verso>U</verso><badge>213432</badge><data>2024-04-16</data><minuti>810</minuti><testina>7413</testina><concentratore>CONC</concentratore></timbratura><timbratura><identificativo>50954703</identificativo><verso>E</verso><badge>122157</badge><data>2024-04-16</data><minuti>810</minuti><testina>5603</testina><concentratore>CONC</concentratore></timbratura><timbratura><identificativo>50954704</identificativo><verso>U</verso><badge>102043</badge><data>2024-04-16</data><minuti>810</minuti><testina>3302</testina><concentratore>CONC</concentratore></timbratura><timbratura><identificativo>50954705</identificativo><verso>U</verso><badge>100824</badge><data>2024-04-16</data><minuti>810</minuti><testina>7456</testina><concentratore>CONC</concentratore></timbratura><timbratura><identificativo>50954706</identificativo><verso>U</verso><badge>118926</badge><data>2024-04-16</data><minuti>810</minuti><testina>1508</testina><concentratore>CONC</concentratore></timbratura><timbratura><identificativo>50954707</identificativo><verso>U</verso><badge>120996</badge><data>2024-04-16</data><minuti>810</minuti><testina>3103</testina><concentratore>CONC</concentratore></timbratura><timbratura><identificativo>50954708</identificativo><verso>U</verso><badge>105843</badge><data>2024-04-16</data><minuti>810</minuti><testina>6805</testina><concentratore>CONC</concentratore></timbratura><timbratura><identificativo>50954709</identificativo><verso>U</verso><badge>102579</badge><data>2024-04-16</data><minuti>810</minuti><testina>3806</testina><concentratore>CONC</concentratore></timbratura><timbratura><identificativo>50954710</identificativo><verso>U</verso><badge>109274</badge><data>2024-04-16</data><minuti>810</minuti><testina>7407</testina><concentratore>CONC</concentratore></timbratura><timbratura><identificativo>50954711</identificativo><verso>U</verso><badge>102083</badge><data>2024-04-16</data><minuti>810</minuti><testina>3303</testina><concentratore>CONC</concentratore><causale>00001</causale></timbratura><timbratura><identificativo>50954712</identificativo><verso>E</verso><badge>106497</badge><data>2024-04-16</data><minuti>810</minuti><testina>0310</testina><concentratore>CONC</concentratore></timbratura><timbratura><identificativo>50954713</identificativo><verso>U</verso><badge>120387</badge><data>2024-04-16</data><minuti>810</minuti><testina>6704</testina><concentratore>CONC</concentratore></timbratura><timbratura><identificativo>50954714</identificativo><verso>U</verso><badge>120813</badge><data>2024-04-16</data><minuti>810</minuti><testina>5307</testina><concentratore>CONC</concentratore></timbratura><timbratura><identificativo>50954715</identificativo><verso>U</verso><badge>110657</badge><data>2024-04-16</data><minuti>810</minuti><testina>1602</testina><concentratore>CONC</concentratore></timbratura><timbratura><identificativo>50954716</identificativo><verso>U</verso><badge>121471</badge><data>2024-04-16</data><minuti>810</minuti><testina>0608</testina><concentratore>CONC</concentratore></timbratura><timbratura><identificativo>50954717</identificativo><verso>U</verso><badge>117055</badge><data>2024-04-16</data><minuti>810</minuti><testina>3103</testina><concentratore>CONC</concentratore></timbratura><timbratura><identificativo>50954718</identificativo><verso>U</verso><badge>121557</badge><data>2024-04-16</data><minuti>810</minuti><testina>2908</testina><concentratore>CONC</concentratore></timbratura><timbratura><identificativo>50954719</identificativo><verso>U</verso><badge>105822</badge><data>2024-04-16</data><minuti>810</minuti><testina>6805</testina><concentratore>CONC</concentratore></timbratura><timbratura><identificativo>50954720</identificativo><verso>E</verso><badge>104585</badge><data>2024-04-16</data><minuti>810</minuti><testina>5603</testina><concentratore>CONC</concentratore></timbratura><timbratura><identificativo>50954721</identificativo><verso>U</verso><badge>121794</badge><data>2024-04-16</data><minuti>810</minuti><testina>1508</testina><concentratore>CONC</concentratore></timbratura><timbratura><identificativo>50954722</identificativo><verso>U</verso><badge>118790</badge><data>2024-04-16</data><minuti>810</minuti><testina>3103</testina><concentratore>CONC</concentratore></timbratura><timbratura><identificativo>50954723</identificativo><verso>U</verso><badge>120936</badge><data>2024-04-16</data><minuti>810</minuti><testina>0608</testina><concentratore>CONC</concentratore></timbratura><timbratura><identificativo>50954724</identificativo><verso>U</verso><badge>104527</badge><data>2024-04-16</data><minuti>810</minuti><testina>5601</testina><concentratore>CONC</concentratore></timbratura><timbratura><identificativo>50954725</identificativo><verso>E</verso><badge>118456</badge><data>2024-04-16</data><minuti>810</minuti><testina>3703</testina><concentratore>CONC</concentratore></timbratura><timbratura><identificativo>50954726</identificativo><verso>U</verso><badge>116078</badge><data>2024-04-16</data><minuti>810</minuti><testina>7413</testina><concentratore>CONC</concentratore></timbratura><timbratura><identificativo>50954727</identificativo><verso>U</verso><badge>110479</badge><data>2024-04-16</data><minuti>810</minuti><testina>0604</testina><concentratore>CONC</concentratore></timbratura><timbratura><identificativo>50954728</identificativo><verso>U</verso><badge>120812</badge><data>2024-04-16</data><minuti>810</minuti><testina>5307</testina><concentratore>CONC</concentratore></timbratura><timbratura><identificativo>50954729</identificativo><verso>E</verso><badge>104606</badge><data>2024-04-16</data><minuti>810</minuti><testina>5603</testina><concentratore>CONC</concentratore></timbratura><timbratura><identificativo>50954730</identificativo><verso>E</verso><badge>102494</badge><data>2024-04-16</data><minuti>810</minuti><testina>3703</testina><concentratore>CONC</concentratore></timbratura><timbratura><identificativo>50954731</identificativo><verso>U</verso><badge>102081</badge><data>2024-04-16</data><minuti>810</minuti><testina>3303</testina><concentratore>CONC</concentratore><causale>00001</causale></timbratura><timbratura><identificativo>50954732</identificativo><verso>U</verso><badge>119370</badge><data>2024-04-16</data><minuti>810</minuti><testina>4305</testina><concentratore>CONC</concentratore></timbratura><timbratura><identificativo>50954733</identificativo><verso>U</verso><badge>101887</badge><data>2024-04-16</data><minuti>810</minuti><testina>3103</testina><concentratore>CONC</concentratore></timbratura><timbratura><identificativo>50954734</identificativo><verso>U</verso><badge>115139</badge><data>2024-04-16</data><minuti>810</minuti><testina>5601</testina><concentratore>CONC</concentratore></timbratura><timbratura><identificativo>50954735</identificativo><verso>U</verso><badge>103410</badge><data>2024-04-16</data><minuti>810</minuti><testina>4605</testina><concentratore>CONC</concentratore></timbratura><timbratura><identificativo>50954736</identificativo><verso>U</verso><badge>116101</badge><data>2024-04-16</data><minuti>810</minuti><testina>7415</testina><concentratore>CONC</concentratore></timbratura><timbratura><identificativo>50954737</identificativo><verso>E</verso><badge>114626</badge><data>2024-04-16</data><minuti>810</minuti><testina>6604</testina><concentratore>CONC</concentratore></timbratura><timbratura><identificativo>50954738</identificativo><verso>U</verso><badge>109336</badge><data>2024-04-16</data><minuti>810</minuti><testina>7413</testina><concentratore>CONC</concentratore></timbratura><timbratura><identificativo>50954739</identificativo><verso>U</verso><badge>121766</badge><data>2024-04-16</data><minuti>810</minuti><testina>6601</testina><concentratore>CONC</concentratore></timbratura><timbratura><identificativo>50954740</identificativo><verso>U</verso><badge>118936</badge><data>2024-04-16</data><minuti>810</minuti><testina>6003</testina><concentratore>CONC</concentratore></timbratura><timbratura><identificativo>50954741</identificativo><verso>U</verso><badge>121010</badge><data>2024-04-16</data><minuti>810</minuti><testina>0608</testina><concentratore>CONC</concentratore></timbratura><timbratura><identificativo>50954742</identificativo><verso>U</verso><badge>102209</badge><data>2024-04-16</data><minuti>810</minuti><testina>3402</testina><concentratore>CONC</concentratore></timbratura><timbratura><identificativo>50954743</identificativo><verso>U</verso><badge>116654</badge><data>2024-04-16</data><minuti>810</minuti><testina>2208</testina><concentratore>CONC</concentratore></timbratura><timbratura><identificativo>50954744</identificativo><verso>E</verso><badge>121406</badge><data>2024-04-16</data><minuti>810</minuti><testina>3703</testina><concentratore>CONC</concentratore></timbratura><timbratura><identificativo>50954745</identificativo><verso>U</verso><badge>115717</badge><data>2024-04-16</data><minuti>810</minuti><testina>1602</testina><concentratore>CONC</concentratore></timbratura><timbratura><identificativo>50954746</identificativo><verso>U</verso><badge>104550</badge><data>2024-04-16</data><minuti>810</minuti><testina>5601</testina><concentratore>CONC</concentratore></timbratura><timbratura><identificativo>50954747</identificativo><verso>E</verso><badge>115783</badge><data>2024-04-16</data><minuti>810</minuti><testina>3102</testina><concentratore>CONC</concentratore></timbratura><timbratura><identificativo>50954748</identificativo><verso>U</verso><badge>120664</badge><data>2024-04-16</data><minuti>810</minuti><testina>3103</testina><concentratore>CONC</concentratore></timbratura><timbratura><identificativo>50954749</identificativo><verso>E</verso><badge>112220</badge><data>2024-04-16</data><minuti>810</minuti><testina>2904</testina><concentratore>CONC</concentratore></timbratura><timbratura><identificativo>50954750</identificativo><verso>U</verso><badge>121871</badge><data>2024-04-16</data><minuti>810</minuti><testina>1506</testina><concentratore>CONC</concentratore></timbratura><timbratura><identificativo>50954751</identificativo><verso>U</verso><badge>113189</badge><data>2024-04-16</data><minuti>810</minuti><testina>1916</testina><concentratore>CONC</concentratore></timbratura><timbratura><identificativo>50954752</identificativo><verso>U</verso><badge>120078</badge><data>2024-04-16</data><minuti>810</minuti><testina>6003</testina><concentratore>CONC</concentratore></timbratura><timbratura><identificativo>50954753</identificativo><verso>E</verso><badge>119548</badge><data>2024-04-16</data><minuti>810</minuti><testina>P515</testina><concentratore>CONC</concentratore></timbratura><timbratura><identificativo>50954754</identificativo><verso>U</verso><badge>104971</badge><data>2024-04-16</data><minuti>810</minuti><testina>6008</testina><concentratore>CONC</concentratore></timbratura><timbratura><identificativo>50954755</identificativo><verso>U</verso><badge>202144</badge><data>2024-04-16</data><minuti>810</minuti><testina>5601</testina><concentratore>CONC</concentratore></timbratura><timbratura><identificativo>50954756</identificativo><verso>U</verso><badge>114993</badge><data>2024-04-16</data><minuti>810</minuti><testina>0602</testina><concentratore>CONC</concentratore></timbratura><timbratura><identificativo>50954757</identificativo><verso>U</verso><badge>116121</badge><data>2024-04-16</data><minuti>810</minuti><testina>P418</testina><concentratore>CONC</concentratore></timbratura><timbratura><identificativo>50954758</identificativo><verso>U</verso><badge>115783</badge><data>2024-04-16</data><minuti>810</minuti><testina>3103</testina><concentratore>CONC</concentratore></timbratura><timbratura><identificativo>50954759</identificativo><verso>U</verso><badge>118690</badge><data>2024-04-16</data><minuti>810</minuti><testina>1506</testina><concentratore>CONC</concentratore></timbratura><timbratura><identificativo>50954760</identificativo><verso>U</verso><badge>114284</badge><data>2024-04-16</data><minuti>810</minuti><testina>1504</testina><concentratore>CONC</concentratore></timbratura><timbratura><identificativo>50954761</identificativo><verso>U</verso><badge>120637</badge><data>2024-04-16</data><minuti>810</minuti><testina>7002</testina><concentratore>CONC</concentratore></timbratura><timbratura><identificativo>50954762</identificativo><verso>E</verso><badge>213639</badge><data>2024-04-16</data><minuti>810</minuti><testina>5506</testina><concentratore>CONC</concentratore></timbratura><timbratura><identificativo>50954763</identificativo><verso>U</verso><badge>115783</badge><data>2024-04-16</data><minuti>810</minuti><testina>3103</testina><concentratore>CONC</concentratore></timbratura><timbratura><identificativo>50954764</identificativo><verso>U</verso><badge>212794</badge><data>2024-04-16</data><minuti>810</minuti><testina>5601</testina><concentratore>CONC</concentratore></timbratura><timbratura><identificativo>50954765</identificativo><verso>U</verso><badge>104822</badge><data>2024-04-16</data><minuti>810</minuti><testina>5904</testina><concentratore>CONC</concentratore></timbratura><timbratura><identificativo>50954766</identificativo><verso>E</verso><badge>101319</badge><data>2024-04-16</data><minuti>810</minuti><testina>1001</testina><concentratore>CONC</concentratore></timbratura><timbratura><identificativo>50954767</identificativo><verso>E</verso><badge>115940</badge><data>2024-04-16</data><minuti>810</minuti><testina>0907</testina><concentratore>CONC</concentratore></timbratura><timbratura><identificativo>50954768</identificativo><verso>U</verso><badge>113305</badge><data>2024-04-16</data><minuti>810</minuti><testina>3401</testina><concentratore>CONC</concentratore></timbratura><timbratura><identificativo>50954769</identificativo><verso>U</verso><badge>304416</badge><data>2024-04-16</data><minuti>810</minuti><testina>1402</testina><concentratore>CONC</concentratore></timbratura><timbratura><identificativo>50954770</identificativo><verso>U</verso><badge>114384</badge><data>2024-04-16</data><minuti>810</minuti><testina>1602</testina><concentratore>CONC</concentratore></timbratura><timbratura><identificativo>50954771</identificativo><verso>U</verso><badge>113848</badge><data>2024-04-16</data><minuti>810</minuti><testina>1506</testina><concentratore>CONC</concentratore></timbratura><timbratura><identificativo>50954772</identificativo><verso>U</verso><badge>104545</badge><data>2024-04-16</data><minuti>810</minuti><testina>5601</testina><concentratore>CONC</concentratore></timbratura><timbratura><identificativo>50954773</identificativo><verso>U</verso><badge>111773</badge><data>2024-04-16</data><minuti>810</minuti><testina>1504</testina><concentratore>CONC</concentratore></timbratura><timbratura><identificativo>50954774</identificativo><verso>E</verso><badge>212607</badge><data>2024-04-16</data><minuti>810</minuti><testina>0611</testina><concentratore>CONC</concentratore></timbratura><timbratura><identificativo>50954775</identificativo><verso>E</verso><badge>122294</badge><data>2024-04-16</data><minuti>810</minuti><testina>0310</testina><concentratore>CONC</concentratore></timbratura><timbratura><identificativo>50954776</identificativo><verso>U</verso><badge>109232</badge><data>2024-04-16</data><minuti>810</minuti><testina>7409</testina><concentratore>CONC</concentratore></timbratura><timbratura><identificativo>50954777</identificativo><verso>U</verso><badge>121573</badge><data>2024-04-16</data><minuti>810</minuti><testina>0602</testina><concentratore>CONC</concentratore></timbratura><timbratura><identificativo>50954778</identificativo><verso>U</verso><badge>101656</badge><data>2024-04-16</data><minuti>810</minuti><testina>3901</testina><concentratore>CONC</concentratore></timbratura><timbratura><identificativo>50954779</identificativo><verso>E</verso><badge>122541</badge><data>2024-04-16</data><minuti>810</minuti><testina>3302</testina><concentratore>CONC</concentratore></timbratura><timbratura><identificativo>50954780</identificativo><verso>U</verso><badge>107453</badge><data>2024-04-16</data><minuti>810</minuti><testina>P825</testina><concentratore>CONC</concentratore></timbratura><timbratura><identificativo>50954781</identificativo><verso>E</verso><badge>122115</badge><data>2024-04-16</data><minuti>810</minuti><testina>4401</testina><concentratore>CONC</concentratore></timbratura><timbratura><identificativo>50954782</identificativo><verso>U</verso><badge>105628</badge><data>2024-04-16</data><minuti>810</minuti><testina>6606</testina><concentratore>CONC</concentratore></timbratura><timbratura><identificativo>50954783</identificativo><verso>E</verso><badge>114028</badge><data>2024-04-16</data><minuti>810</minuti><testina>6601</testina><concentratore>CONC</concentratore></timbratura><timbratura><identificativo>50954784</identificativo><verso>U</verso><badge>120833</badge><data>2024-04-16</data><minuti>810</minuti><testina>3701</testina><concentratore>CONC</concentratore></timbratura><timbratura><identificativo>50954785</identificativo><verso>U</verso><badge>115682</badge><data>2024-04-16</data><minuti>810</minuti><testina>0608</testina><concentratore>CONC</concentratore></timbratura><timbratura><identificativo>50954786</identificativo><verso>U</verso><badge>120331</badge><data>2024-04-16</data><minuti>810</minuti><testina>4405</testina><concentratore>CONC</concentratore></timbratura><timbratura><identificativo>50954787</identificativo><verso>U</verso><badge>115596</badge><data>2024-04-16</data><minuti>810</minuti><testina>0602</testina><concentratore>CONC</concentratore></timbratura><timbratura><identificativo>50954788</identificativo><verso>U</verso><badge>109010</badge><data>2024-04-16</data><minuti>810</minuti><testina>P213</testina><concentratore>CONC</concentratore></timbratura><timbratura><identificativo>50954789</identificativo><verso>U</verso><badge>117711</badge><data>2024-04-16</data><minuti>810</minuti><testina>1504</testina><concentratore>CONC</concentratore></timbratura><timbratura><identificativo>50954790</identificativo><verso>E</verso><badge>119817</badge><data>2024-04-16</data><minuti>810</minuti><testina>5405</testina><concentratore>CONC</concentratore></timbratura><timbratura><identificativo>50954791</identificativo><verso>U</verso><badge>115063</badge><data>2024-04-16</data><minuti>810</minuti><testina>3103</testina><concentratore>CONC</concentratore></timbratura><timbratura><identificativo>50954792</identificativo><verso>U</verso><badge>118208</badge><data>2024-04-16</data><minuti>810</minuti><testina>0606</testina><concentratore>CONC</concentratore></timbratura><timbratura><identificativo>50954793</identificativo><verso>U</verso><badge>114240</badge><data>2024-04-16</data><minuti>811</minuti><testina>P021</testina><concentratore>CONC</concentratore></timbratura><timbratura><identificativo>50954794</identificativo><verso>E</verso><badge>120293</badge><data>2024-04-16</data><minuti>810</minuti><testina>4604</testina><concentratore>CONC</concentratore></timbratura><timbratura><identificativo>50954795</identificativo><verso>U</verso><badge>113830</badge><data>2024-04-16</data><minuti>810</minuti><testina>1506</testina><concentratore>CONC</concentratore></timbratura><timbratura><identificativo>50954796</identificativo><verso>U</verso><badge>103655</badge><data>2024-04-16</data><minuti>810</minuti><testina>4904</testina><concentratore>CONC</concentratore></timbratura><timbratura><identificativo>50954797</identificativo><verso>U</verso><badge>119306</badge><data>2024-04-16</data><minuti>811</minuti><testina>P015</testina><concentratore>CONC</concentratore></timbratura><timbratura><identificativo>50954798</identificativo><verso>U</verso><badge>118886</badge><data>2024-04-16</data><minuti>811</minuti><testina>P401</testina><concentratore>CONC</concentratore></timbratura><timbratura><identificativo>50954799</identificativo><verso>U</verso><badge>120614</badge><data>2024-04-16</data><minuti>810</minuti><testina>1602</testina><concentratore>CONC</concentratore></timbratura><timbratura><identificativo>50954800</identificativo><verso>U</verso><badge>100118</badge><data>2024-04-16</data><minuti>810</minuti><testina>0604</testina><concentratore>CONC</concentratore></timbratura><timbratura><identificativo>50954801</identificativo><verso>U</verso><badge>104395</badge><data>2024-04-16</data><minuti>810</minuti><testina>5406</testina><concentratore>CONC</concentratore></timbratura><timbratura><identificativo>50954802</identificativo><verso>E</verso><badge>121440</badge><data>2024-04-16</data><minuti>810</minuti><testina>5405</testina><concentratore>CONC</concentratore></timbratura><timbratura><identificativo>50954803</identificativo><verso>U</verso><badge>101869</badge><data>2024-04-16</data><minuti>810</minuti><testina>3103</testina><concentratore>CONC</concentratore></timbratura><timbratura><identificativo>50954804</identificativo><verso>E</verso><badge>105628</badge><data>2024-04-16</data><minuti>811</minuti><testina>6606</testina><concentratore>CONC</concentratore></timbratura><timbratura><identificativo>50954805</identificativo><verso>E</verso><badge>108115</badge><data>2024-04-16</data><minuti>810</minuti><testina>P402</testina><concentratore>CONC</concentratore></timbratura><timbratura><identificativo>50954806</identificativo><verso>E</verso><badge>122088</badge><data>2024-04-16</data><minuti>811</minuti><testina>7004</testina><concentratore>CONC</concentratore></timbratura><timbratura><identificativo>50954807</identificativo><verso>E</verso><badge>118095</badge><data>2024-04-16</data><minuti>811</minuti><testina>1503</testina><concentratore>CONC</concentratore></timbratura><timbratura><identificativo>50954808</identificativo><verso>U</verso><badge>116423</badge><data>2024-04-16</data><minuti>811</minuti><testina>4308</testina><concentratore>CONC</concentratore></timbratura><timbratura><identificativo>50954809</identificativo><verso>E</verso><badge>106042</badge><data>2024-04-16</data><minuti>811</minuti><testina>7004</testina><concentratore>CONC</concentratore></timbratura><timbratura><identificativo>50954810</identificativo><verso>U</verso><badge>108128</badge><data>2024-04-16</data><minuti>811</minuti><testina>P520</testina><concentratore>CONC</concentratore></timbratura></spring-timbrature-acquisizione-in>
