<?xml version="1.0" encoding="UTF-8"?>
<spring-timbrature-acquisizione-in><timbratura><identificativo>50774712</identificativo><verso>E</verso><badge>402691</badge><data>2024-04-02</data><minuti>580</minuti><testina>0101</testina><concentratore>CONC</concentratore></timbratura><timbratura><identificativo>50775311</identificativo><verso>U</verso><badge>402691</badge><data>2024-04-02</data><minuti>669</minuti><testina>0102</testina><concentratore>CONC</concentratore></timbratura><timbratura><identificativo>50869966</identificativo><verso>U</verso><badge>402691</badge><data>2024-04-09</data><minuti>1001</minuti><testina>0104</testina><concentratore>CONC</concentratore></timbratura><timbratura><identificativo>50870874</identificativo><verso>E</verso><badge>402691</badge><data>2024-04-09</data><minuti>1031</minuti><testina>0103</testina><concentratore>CONC</concentratore></timbratura><timbratura><identificativo>50882004</identificativo><verso>U</verso><badge>402691</badge><data>2024-04-10</data><minuti>789</minuti><testina>0104</testina><concentratore>CONC</concentratore></timbratura><timbratura><identificativo>50885752</identificativo><verso>E</verso><badge>402691</badge><data>2024-04-10</data><minuti>849</minuti><testina>0103</testina><concentratore>CONC</concentratore></timbratura><timbratura><identificativo>50888202</identificativo><verso>U</verso><badge>402691</badge><data>2024-04-10</data><minuti>913</minuti><testina>0104</testina><concentratore>CONC</concentratore></timbratura><timbratura><identificativo>50889143</identificativo><verso>E</verso><badge>402691</badge><data>2024-04-10</data><minuti>952</minuti><testina>0107</testina><concentratore>CONC</concentratore></timbratura><timbratura><identificativo>50951413</identificativo><verso>E</verso><badge>201414</badge><data>2024-04-16</data><minuti>586</minuti><testina>1503</testina><concentratore>CONC</concentratore></timbratura><timbratura><identificativo>50954561</identificativo><verso>U</verso><badge>122482</badge><data>2024-04-16</data><minuti>808</minuti><testina>6604</testina><concentratore>CONC</concentratore></timbratura><timbratura><identificativo>50954562</identificativo><verso>E</verso><badge>104065</badge><data>2024-04-16</data><minuti>807</minuti><testina>2704</testina><concentratore>CONC</concentratore></timbratura><timbratura><identificativo>50954563</identificativo><verso>U</verso><badge>201733</badge><data>2024-04-16</data><minuti>808</minuti><testina>1504</testina><concentratore>CONC</concentratore></timbratura><timbratura><identificativo>50954564</identificativo><verso>U</verso><badge>212690</badge><data>2024-04-16</data><minuti>808</minuti><testina>1506</testina><concentratore>CONC</concentratore></timbratura><timbratura><identificativo>50954565</identificativo><verso>U</verso><badge>112758</badge><data>2024-04-16</data><minuti>808</minuti><testina>P711</testina><concentratore>CONC</concentratore></timbratura><timbratura><identificativo>50954566</identificativo><verso>U</verso><badge>121737</badge><data>2024-04-16</data><minuti>808</minuti><testina>6605</testina><concentratore>CONC</concentratore></timbratura><timbratura><identificativo>50954567</identificativo><verso>U</verso><badge>113186</badge><data>2024-04-16</data><minuti>808</minuti><testina>1916</testina><concentratore>CONC</concentratore></timbratura><timbratura><identificativo>50954568</identificativo><verso>U</verso><badge>121850</badge><data>2024-04-16</data><minuti>808</minuti><testina>5405</testina><concentratore>CONC</concentratore></timbratura><timbratura><identificativo>50954569</identificativo><verso>E</verso><badge>121506</badge><data>2024-04-16</data><minuti>808</minuti><testina>6602</testina><concentratore>CONC</concentratore></timbratura><timbratura><identificativo>50954570</identificativo><verso>E</verso><badge>100458</badge><data>2024-04-16</data><minuti>808</minuti><testina>1503</testina><concentratore>CONC</concentratore></timbratura><timbratura><identificativo>50954571</identificativo><verso>U</verso><badge>119788</badge><data>2024-04-16</data><minuti>808</minuti><testina>1506</testina><concentratore>CONC</concentratore></timbratura><timbratura><identificativo>50954572</identificativo><verso>U</verso><badge>117185</badge><data>2024-04-16</data><minuti>808</minuti><testina>1306</testina><concentratore>CONC</concentratore></timbratura><timbratura><identificativo>50954573</identificativo><verso>E</verso><badge>307454</badge><data>2024-04-16</data><minuti>808</minuti><testina>1503</testina><concentratore>CONC</concentratore></timbratura><timbratura><identificativo>50954574</identificativo><verso>U</verso><badge>107543</badge><data>2024-04-16</data><minuti>808</minuti><testina>P801</testina><concentratore>CONC</concentratore></timbratura><timbratura><identificativo>50954575</identificativo><verso>E</verso><badge>121306</badge><data>2024-04-16</data><minuti>808</minuti><testina>2708</testina><concentratore>CONC</concentratore></timbratura><timbratura><identificativo>50954576</identificativo><verso>U</verso><badge>107529</badge><data>2024-04-16</data><minuti>808</minuti><testina>P607</testina><concentratore>CONC</concentratore></timbratura><timbratura><identificativo>50954577</identificativo><verso>E</verso><badge>305938</badge><data>2024-04-16</data><minuti>808</minuti><testina>1601</testina><concentratore>CONC</concentratore></timbratura><timbratura><identificativo>50954578</identificativo><verso>U</verso><badge>121117</badge><data>2024-04-16</data><minuti>808</minuti><testina>4401</testina><concentratore>CONC</concentratore></timbratura><timbratura><identificativo>50954579</identificativo><verso>E</verso><badge>306745</badge><data>2024-04-16</data><minuti>808</minuti><testina>1503</testina><concentratore>CONC</concentratore></timbratura><timbratura><identificativo>50954580</identificativo><verso>E</verso><badge>306763</badge><data>2024-04-16</data><minuti>808</minuti><testina>1601</testina><concentratore>CONC</concentratore></timbratura><timbratura><identificativo>50954581</identificativo><verso>U</verso><badge>120798</badge><data>2024-04-16</data><minuti>808</minuti><testina>3901</testina><concentratore>CONC</concentratore></timbratura><timbratura><identificativo>50954582</identificativo><verso>E</verso><badge>118403</badge><data>2024-04-16</data><minuti>808</minuti><testina>6004</testina><concentratore>CONC</concentratore></timbratura><timbratura><identificativo>50954583</identificativo><verso>U</verso><badge>114435</badge><data>2024-04-16</data><minuti>808</minuti><testina>7413</testina><concentratore>CONC</concentratore></timbratura><timbratura><identificativo>50954584</identificativo><verso>E</verso><badge>121208</badge><data>2024-04-16</data><minuti>808</minuti><testina>0310</testina><concentratore>CONC</concentratore></timbratura><timbratura><identificativo>50954585</identificativo><verso>U</verso><badge>121808</badge><data>2024-04-16</data><minuti>808</minuti><testina>1506</testina><concentratore>CONC</concentratore></timbratura><timbratura><identificativo>50954586</identificativo><verso>U</verso><badge>117032</badge><data>2024-04-16</data><minuti>808</minuti><testina>1504</testina><concentratore>CONC</concentratore></timbratura><timbratura><identificativo>50954587</identificativo><verso>U</verso><badge>114339</badge><data>2024-04-16</data><minuti>808</minuti><testina>6601</testina><concentratore>CONC</concentratore></timbratura><timbratura><identificativo>50954588</identificativo><verso>U</verso><badge>115082</badge><data>2024-04-16</data><minuti>808</minuti><testina>7460</testina><concentratore>CONC</concentratore></timbratura><timbratura><identificativo>50954589</identificativo><verso>E</verso><badge>121384</badge><data>2024-04-16</data><minuti>808</minuti><testina>0001</testina><concentratore>CONC</concentratore></timbratura><timbratura><identificativo>50954590</identificativo><verso>U</verso><badge>121956</badge><data>2024-04-16</data><minuti>808</minuti><testina>1508</testina><concentratore>CONC</concentratore></timbratura><timbratura><identificativo>50954591</identificativo><verso>U</verso><badge>116507</badge><data>2024-04-16</data><minuti>808</minuti><testina>1504</testina><concentratore>CONC</concentratore></timbratura><timbratura><identificativo>50954592</identificativo><verso>E</verso><badge>201451</badge><data>2024-04-16</data><minuti>808</minuti><testina>7422</testina><concentratore>CONC</concentratore></timbratura><timbratura><identificativo>50954593</identificativo><verso>U</verso><badge>307973</badge><data>2024-04-16</data><minuti>808</minuti><testina>1506</testina><concentratore>CONC</concentratore></timbratura><timbratura><identificativo>50954594</identificativo><verso>E</verso><badge>104595</badge><data>2024-04-16</data><minuti>808</minuti><testina>5603</testina><concentratore>CONC</concentratore></timbratura><timbratura><identificativo>50954595</identificativo><verso>E</verso><badge>117001</badge><data>2024-04-16</data><minuti>808</minuti><testina>7416</testina><concentratore>CONC</concentratore></timbratura><timbratura><identificativo>50954596</identificativo><verso>E</verso><badge>118414</badge><data>2024-04-16</data><minuti>808</minuti><testina>0907</testina><concentratore>CONC</concentratore></timbratura><timbratura><identificativo>50954597</identificativo><verso>U</verso><badge>121317</badge><data>2024-04-16</data><minuti>808</minuti><testina>7456</testina><concentratore>CONC</concentratore></timbratura><timbratura><identificativo>50954598</identificativo><verso>E</verso><badge>120729</badge><data>2024-04-16</data><minuti>808</minuti><testina>6002</testina><concentratore>CONC</concentratore></timbratura><timbratura><identificativo>50954599</identificativo><verso>E</verso><badge>113190</badge><data>2024-04-16</data><minuti>809</minuti><testina>0205</testina><concentratore>CONC</concentratore></timbratura><timbratura><identificativo>50954600</identificativo><verso>U</verso><badge>121691</badge><data>2024-04-16</data><minuti>808</minuti><testina>0602</testina><concentratore>CONC</concentratore></timbratura><timbratura><identificativo>50954601</identificativo><verso>U</verso><badge>122159</badge><data>2024-04-16</data><minuti>808</minuti><testina>0606</testina><concentratore>CONC</concentratore></timbratura><timbratura><identificativo>50954602</identificativo><verso>E</verso><badge>115116</badge><data>2024-04-16</data><minuti>808</minuti><testina>4006</testina><concentratore>CONC</concentratore></timbratura><timbratura><identificativo>50954603</identificativo><verso>U</verso><badge>116153</badge><data>2024-04-16</data><minuti>809</minuti><testina>P618</testina><concentratore>CONC</concentratore></timbratura><timbratura><identificativo>50954604</identificativo><verso>U</verso><badge>120287</badge><data>2024-04-16</data><minuti>809</minuti><testina>P618</testina><concentratore>CONC</concentratore></timbratura><timbratura><identificativo>50954605</identificativo><verso>U</verso><badge>107094</badge><data>2024-04-16</data><minuti>809</minuti><testina>P712</testina><concentratore>CONC</concentratore></timbratura><timbratura><identificativo>50954606</identificativo><verso>E</verso><badge>120465</badge><data>2024-04-16</data><minuti>809</minuti><testina>2511</testina><concentratore>CONC</concentratore></timbratura><timbratura><identificativo>50954607</identificativo><verso>E</verso><badge>104504</badge><data>2024-04-16</data><minuti>808</minuti><testina>5203</testina><concentratore>CONC</concentratore></timbratura><timbratura><identificativo>50954608</identificativo><verso>U</verso><badge>116080</badge><data>2024-04-16</data><minuti>809</minuti><testina>7442</testina><concentratore>CONC</concentratore></timbratura><timbratura><identificativo>50954609</identificativo><verso>U</verso><badge>122335</badge><data>2024-04-16</data><minuti>809</minuti><testina>P414</testina><concentratore>CONC</concentratore></timbratura><timbratura><identificativo>50954610</identificativo><verso>U</verso><badge>120495</badge><data>2024-04-16</data><minuti>809</minuti><testina>3507</testina><concentratore>CONC</concentratore></timbratura><timbratura><identificativo>50954611</identificativo><verso>E</verso><badge>114029</badge><data>2024-04-16</data><minuti>809</minuti><testina>6605</testina><concentratore>CONC</concentratore></timbratura><timbratura><identificativo>50954612</identificativo><verso>U</verso><badge>102471</badge><data>2024-04-16</data><minuti>809</minuti><testina>3701</testina><concentratore>CONC</concentratore></timbratura><timbratura><identificativo>50954613</identificativo><verso>U</verso><badge>104899</badge><data>2024-04-16</data><minuti>809</minuti><testina>6003</testina><concentratore>CONC</concentratore></timbratura><timbratura><identificativo>50954614</identificativo><verso>U</verso><badge>122325</badge><data>2024-04-16</data><minuti>809</minuti><testina>3702</testina><concentratore>CONC</concentratore></timbratura><timbratura><identificativo>50954615</identificativo><verso>U</verso><badge>117674</badge><data>2024-04-16</data><minuti>809</minuti><testina>6003</testina><concentratore>CONC</concentratore></timbratura><timbratura><identificativo>50954616</identificativo><verso>E</verso><badge>117124</badge><data>2024-04-16</data><minuti>809</minuti><testina>0605</testina><concentratore>CONC</concentratore></timbratura><timbratura><identificativo>50954617</identificativo><verso>E</verso><badge>302746</badge><data>2024-04-16</data><minuti>809</minuti><testina>1503</testina><concentratore>CONC</concentratore></timbratura><timbratura><identificativo>50954618</identificativo><verso>E</verso><badge>308146</badge><data>2024-04-16</data><minuti>809</minuti><testina>1505</testina><concentratore>CONC</concentratore></timbratura><timbratura><identificativo>50954619</identificativo><verso>U</verso><badge>112689</badge><data>2024-04-16</data><minuti>809</minuti><testina>3702</testina><concentratore>CONC</concentratore></timbratura><timbratura><identificativo>50954620</identificativo><verso>E</verso><badge>112168</badge><data>2024-04-16</data><minuti>809</minuti><testina>7416</testina><concentratore>CONC</concentratore></timbratura><timbratura><identificativo>50954621</identificativo><verso>U</verso><badge>119638</badge><data>2024-04-16</data><minuti>809</minuti><testina>3701</testina><concentratore>CONC</concentratore></timbratura><timbratura><identificativo>50954622</identificativo><verso>U</verso><badge>119695</badge><data>2024-04-16</data><minuti>809</minuti><testina>1506</testina><concentratore>CONC</concentratore></timbratura><timbratura><identificativo>50954623</identificativo><verso>E</verso><badge>121967</badge><data>2024-04-16</data><minuti>809</minuti><testina>P510</testina><concentratore>CONC</concentratore></timbratura><timbratura><identificativo>50954624</identificativo><verso>E</verso><badge>116283</badge><data>2024-04-16</data><minuti>809</minuti><testina>6701</testina><concentratore>CONC</concentratore></timbratura><timbratura><identificativo>50954625</identificativo><verso>E</verso><badge>213443</badge><data>2024-04-16</data><minuti>809</minuti><testina>7422</testina><concentratore>CONC</concentratore></timbratura><timbratura><identificativo>50954626</identificativo><verso>U</verso><badge>121720</badge><data>2024-04-16</data><minuti>809</minuti><testina>6006</testina><concentratore>CONC</concentratore></timbratura><timbratura><identificativo>50954627</identificativo><verso>E</verso><badge>119156</badge><data>2024-04-16</data><minuti>809</minuti><testina>1503</testina><concentratore>CONC</concentratore></timbratura><timbratura><identificativo>50954628</identificativo><verso>U</verso><badge>115923</badge><data>2024-04-16</data><minuti>809</minuti><testina>4502</testina><concentratore>CONC</concentratore></timbratura><timbratura><identificativo>50954629</identificativo><verso>U</verso><badge>107279</badge><data>2024-04-16</data><minuti>809</minuti><testina>P616</testina><concentratore>CONC</concentratore></timbratura><timbratura><identificativo>50954630</identificativo><verso>U</verso><badge>114853</badge><data>2024-04-16</data><minuti>809</minuti><testina>1916</testina><concentratore>CONC</concentratore></timbratura><timbratura><identificativo>50954631</identificativo><verso>E</verso><badge>104068</badge><data>2024-04-16</data><minuti>809</minuti><testina>2706</testina><concentratore>CONC</concentratore><causale>00001</causale></timbratura><timbratura><identificativo>50954632</identificativo><verso>E</verso><badge>120555</badge><data>2024-04-16</data><minuti>809</minuti><testina>5704</testina><concentratore>CONC</concentratore></timbratura><timbratura><identificativo>50954633</identificativo><verso>E</verso><badge>122368</badge><data>2024-04-16</data><minuti>809</minuti><testina>0005</testina><concentratore>CONC</concentratore></timbratura><timbratura><identificativo>50954634</identificativo><verso>E</verso><badge>117994</badge><data>2024-04-16</data><minuti>809</minuti><testina>3507</testina><concentratore>CONC</concentratore></timbratura><timbratura><identificativo>50954635</identificativo><verso>U</verso><badge>116917</badge><data>2024-04-16</data><minuti>809</minuti><testina>6203</testina><concentratore>CONC</concentratore></timbratura><timbratura><identificativo>50954636</identificativo><verso>U</verso><badge>105167</badge><data>2024-04-16</data><minuti>809</minuti><testina>1912</testina><concentratore>CONC</concentratore></timbratura><timbratura><identificativo>50954637</identificativo><verso>U</verso><badge>121727</badge><data>2024-04-16</data><minuti>809</minuti><testina>3401</testina><concentratore>CONC</concentratore></timbratura><timbratura><identificativo>50954638</identificativo><verso>E</verso><badge>106021</badge><data>2024-04-16</data><minuti>809</minuti><testina>7003</testina><concentratore>CONC</concentratore></timbratura><timbratura><identificativo>50954639</identificativo><verso>E</verso><badge>116262</badge><data>2024-04-16</data><minuti>809</minuti><testina>0310</testina><concentratore>CONC</concentratore></timbratura><timbratura><identificativo>50954640</identificativo><verso>U</verso><badge>122618</badge><data>2024-04-16</data><minuti>809</minuti><testina>P510</testina><concentratore>CONC</concentratore></timbratura><timbratura><identificativo>50954641</identificativo><verso>E</verso><badge>202216</badge><data>2024-04-16</data><minuti>809</minuti><testina>P219</testina><concentratore>CONC</concentratore></timbratura><timbratura><identificativo>50954642</identificativo><verso>U</verso><badge>118570</badge><data>2024-04-16</data><minuti>809</minuti><testina>1506</testina><concentratore>CONC</concentratore></timbratura><timbratura><identificativo>50954643</identificativo><verso>U</verso><badge>121522</badge><data>2024-04-16</data><minuti>809</minuti><testina>1916</testina><concentratore>CONC</concentratore></timbratura><timbratura><identificativo>50954644</identificativo><verso>U</verso><badge>104365</badge><data>2024-04-16</data><minuti>810</minuti><testina>5402</testina><concentratore>CONC</concentratore></timbratura><timbratura><identificativo>50954645</identificativo><verso>E</verso><badge>121352</badge><data>2024-04-16</data><minuti>809</minuti><testina>5108</testina><concentratore>CONC</concentratore></timbratura><timbratura><identificativo>50954646</identificativo><verso>E</verso><badge>104618</badge><data>2024-04-16</data><minuti>809</minuti><testina>5608</testina><concentratore>CONC</concentratore></timbratura><timbratura><identificativo>50954647</identificativo><verso>U</verso><badge>116416</badge><data>2024-04-16</data><minuti>810</minuti><testina>P004</testina><concentratore>CONC</concentratore></timbratura><timbratura><identificativo>50954648</identificativo><verso>U</verso><badge>112285</badge><data>2024-04-16</data><minuti>809</minuti><testina>1002</testina><concentratore>CONC</concentratore></timbratura><timbratura><identificativo>50954649</identificativo><verso>U</verso><badge>120053</badge><data>2024-04-16</data><minuti>810</minuti><testina>4405</testina><concentratore>CONC</concentratore></timbratura><timbratura><identificativo>50954650</identificativo><verso>U</verso><badge>115449</badge><data>2024-04-16</data><minuti>810</minuti><testina>5905</testina><concentratore>CONC</concentratore></timbratura><timbratura><identificativo>50954651</identificativo><verso>U</verso><badge>114701</badge><data>2024-04-16</data><minuti>810</minuti><testina>5904</testina><concentratore>CONC</concentratore></timbratura><timbratura><identificativo>50954652</identificativo><verso>U</verso><badge>104843</badge><data>2024-04-16</data><minuti>810</minuti><testina>5906</testina><concentratore>CONC</concentratore></timbratura><timbratura><identificativo>50954653</identificativo><verso>U</verso><badge>121716</badge><data>2024-04-16</data><minuti>810</minuti><testina>4604</testina><concentratore>CONC</concentratore></timbratura><timbratura><identificativo>50954654</identificativo><verso>E</verso><badge>307749</badge><data>2024-04-16</data><minuti>809</minuti><testina>1601</testina><concentratore>CONC</concentratore></timbratura><timbratura><identificativo>50954655</identificativo><verso>U</verso><badge>108637</badge><data>2024-04-16</data><minuti>810</minuti><testina>P021</testina><concentratore>CONC</concentratore></timbratura><timbratura><identificativo>50954656</identificativo><verso>U</verso><badge>104769</badge><data>2024-04-16</data><minuti>810</minuti><testina>6705</testina><concentratore>CONC</concentratore></timbratura><timbratura><identificativo>50954657</identificativo><verso>U</verso><badge>104644</badge><data>2024-04-16</data><minuti>810</minuti><testina>5704</testina><concentratore>CONC</concentratore></timbratura><timbratura><identificativo>50954658</identificativo><verso>U</verso><badge>105412</badge><data>2024-04-16</data><minuti>810</minuti><testina>6502</testina><concentratore>CONC</concentratore></timbratura><timbratura><identificativo>50954659</identificativo><verso>U</verso><badge>111719</badge><data>2024-04-16</data><minuti>810</minuti><testina>7003</testina><concentratore>CONC</concentratore></timbratura><timbratura><identificativo>50954660</identificativo><verso>U</verso><badge>121229</badge><data>2024-04-16</data><minuti>810</minuti><testina>P516</testina><concentratore>CONC</concentratore></timbratura><timbratura><identificativo>50954661</identificativo><verso>U</verso><badge>104829</badge><data>2024-04-16</data><minuti>810</minuti><testina>5904</testina><concentratore>CONC</concentratore></timbratura><timbratura><identificativo>50954662</identificativo><verso>U</verso><badge>101976</badge><data>2024-04-16</data><minuti>810</minuti><testina>3108</testina><concentratore>CONC</concentratore></timbratura><timbratura><identificativo>50954663</identificativo><verso>U</verso><badge>121235</badge><data>2024-04-16</data><minuti>810</minuti><testina>3804</testina><concentratore>CONC</concentratore></timbratura><timbratura><identificativo>50954664</identificativo><verso>U</verso><badge>102987</badge><data>2024-04-16</data><minuti>810</minuti><testina>4201</testina><concentratore>CONC</concentratore></timbratura><timbratura><identificativo>50954665</identificativo><verso>U</verso><badge>113196</badge><data>2024-04-16</data><minuti>810</minuti><testina>6603</testina><concentratore>CONC</concentratore></timbratura><timbratura><identificativo>50954666</identificativo><verso>E</verso><badge>119916</badge><data>2024-04-16</data><minuti>810</minuti><testina>3507</testina><concentratore>CONC</concentratore></timbratura><timbratura><identificativo>50954667</identificativo><verso>U</verso><badge>120672</badge><data>2024-04-16</data><minuti>810</minuti><testina>5108</testina><concentratore>CONC</concentratore></timbratura><timbratura><identificativo>50954668</identificativo><verso>U</verso><badge>115739</badge><data>2024-04-16</data><minuti>810</minuti><testina>7002</testina><concentratore>CONC</concentratore></timbratura><timbratura><identificativo>50954669</identificativo><verso>U</verso><badge>115619</badge><data>2024-04-16</data><minuti>810</minuti><testina>7460</testina><concentratore>CONC</concentratore></timbratura><timbratura><identificativo>50954670</identificativo><verso>U</verso><badge>117886</badge><data>2024-04-16</data><minuti>810</minuti><testina>P414</testina><concentratore>CONC</concentratore></timbratura><timbratura><identificativo>50954671</identificativo><verso>U</verso><badge>107605</badge><data>2024-04-16</data><minuti>810</minuti><testina>P511</testina><concentratore>CONC</concentratore></timbratura><timbratura><identificativo>50954672</identificativo><verso>U</verso><badge>102875</badge><data>2024-04-16</data><minuti>810</minuti><testina>4103</testina><concentratore>CONC</concentratore></timbratura><timbratura><identificativo>50954673</identificativo><verso>U</verso><badge>122522</badge><data>2024-04-16</data><minuti>810</minuti><testina>0608</testina><concentratore>CONC</concentratore></timbratura><timbratura><identificativo>50954674</identificativo><verso>U</verso><badge>102497</badge><data>2024-04-16</data><minuti>810</minuti><testina>3703</testina><concentratore>CONC</concentratore></timbratura><timbratura><identificativo>50954675</identificativo><verso>U</verso><badge>121803</badge><data>2024-04-16</data><minuti>810</minuti><testina>3401</testina><concentratore>CONC</concentratore></timbratura><timbratura><identificativo>50954676</identificativo><verso>U</verso><badge>119295</badge><data>2024-04-16</data><minuti>810</minuti><testina>2707</testina><concentratore>CONC</concentratore></timbratura><timbratura><identificativo>50954677</identificativo><verso>U</verso><badge>102588</badge><data>2024-04-16</data><minuti>810</minuti><testina>3806</testina><concentratore>CONC</concentratore></timbratura><timbratura><identificativo>50954678</identificativo><verso>U</verso><badge>200158</badge><data>2024-04-16</data><minuti>810</minuti><testina>3601</testina><concentratore>CONC</concentratore></timbratura><timbratura><identificativo>50954679</identificativo><verso>U</verso><badge>102983</badge><data>2024-04-16</data><minuti>810</minuti><testina>4108</testina><concentratore>CONC</concentratore></timbratura><timbratura><identificativo>50954680</identificativo><verso>U</verso><badge>118672</badge><data>2024-04-16</data><minuti>810</minuti><testina>6812</testina><concentratore>CONC</concentratore></timbratura><timbratura><identificativo>50954681</identificativo><verso>U</verso><badge>116696</badge><data>2024-04-16</data><minuti>810</minuti><testina>7413</testina><concentratore>CONC</concentratore></timbratura><timbratura><identificativo>50954682</identificativo><verso>U</verso><badge>119341</badge><data>2024-04-16</data><minuti>810</minuti><testina>3102</testina><concentratore>CONC</concentratore></timbratura><timbratura><identificativo>50954683</identificativo><verso>U</verso><badge>118027</badge><data>2024-04-16</data><minuti>810</minuti><testina>6504</testina><concentratore>CONC</concentratore></timbratura><timbratura><identificativo>50954684</identificativo><verso>U</verso><badge>114470</badge><data>2024-04-16</data><minuti>810</minuti><testina>5608</testina><concentratore>CONC</concentratore></timbratura><timbratura><identificativo>50954685</identificativo><verso>U</verso><badge>120539</badge><data>2024-04-16</data><minuti>810</minuti><testina>3103</testina><concentratore>CONC</concentratore></timbratura></spring-timbrature-acquisizione-in>
