<?xml version="1.0" encoding="UTF-8"?>
<spring-timbrature-acquisizione-in><timbratura><identificativo>50774712</identificativo><verso>E</verso><badge>402691</badge><data>2024-04-02</data><minuti>580</minuti><testina>0101</testina><concentratore>CONC</concentratore></timbratura><timbratura><identificativo>50775311</identificativo><verso>U</verso><badge>402691</badge><data>2024-04-02</data><minuti>669</minuti><testina>0102</testina><concentratore>CONC</concentratore></timbratura><timbratura><identificativo>50869966</identificativo><verso>U</verso><badge>402691</badge><data>2024-04-09</data><minuti>1001</minuti><testina>0104</testina><concentratore>CONC</concentratore></timbratura><timbratura><identificativo>50870874</identificativo><verso>E</verso><badge>402691</badge><data>2024-04-09</data><minuti>1031</minuti><testina>0103</testina><concentratore>CONC</concentratore></timbratura><timbratura><identificativo>50882004</identificativo><verso>U</verso><badge>402691</badge><data>2024-04-10</data><minuti>789</minuti><testina>0104</testina><concentratore>CONC</concentratore></timbratura><timbratura><identificativo>50885752</identificativo><verso>E</verso><badge>402691</badge><data>2024-04-10</data><minuti>849</minuti><testina>0103</testina><concentratore>CONC</concentratore></timbratura><timbratura><identificativo>50888202</identificativo><verso>U</verso><badge>402691</badge><data>2024-04-10</data><minuti>913</minuti><testina>0104</testina><concentratore>CONC</concentratore></timbratura><timbratura><identificativo>50889143</identificativo><verso>E</verso><badge>402691</badge><data>2024-04-10</data><minuti>952</minuti><testina>0107</testina><concentratore>CONC</concentratore></timbratura><timbratura><identificativo>50951413</identificativo><verso>E</verso><badge>201414</badge><data>2024-04-16</data><minuti>586</minuti><testina>1503</testina><concentratore>CONC</concentratore></timbratura><timbratura><identificativo>50954561</identificativo><verso>U</verso><badge>122482</badge><data>2024-04-16</data><minuti>808</minuti><testina>6604</testina><concentratore>CONC</concentratore></timbratura><timbratura><identificativo>50954562</identificativo><verso>E</verso><badge>104065</badge><data>2024-04-16</data><minuti>807</minuti><testina>2704</testina><concentratore>CONC</concentratore></timbratura><timbratura><identificativo>50954563</identificativo><verso>U</verso><badge>201733</badge><data>2024-04-16</data><minuti>808</minuti><testina>1504</testina><concentratore>CONC</concentratore></timbratura><timbratura><identificativo>50954564</identificativo><verso>U</verso><badge>212690</badge><data>2024-04-16</data><minuti>808</minuti><testina>1506</testina><concentratore>CONC</concentratore></timbratura><timbratura><identificativo>50954565</identificativo><verso>U</verso><badge>112758</badge><data>2024-04-16</data><minuti>808</minuti><testina>P711</testina><concentratore>CONC</concentratore></timbratura><timbratura><identificativo>50954566</identificativo><verso>U</verso><badge>121737</badge><data>2024-04-16</data><minuti>808</minuti><testina>6605</testina><concentratore>CONC</concentratore></timbratura><timbratura><identificativo>50954567</identificativo><verso>U</verso><badge>113186</badge><data>2024-04-16</data><minuti>808</minuti><testina>1916</testina><concentratore>CONC</concentratore></timbratura><timbratura><identificativo>50954568</identificativo><verso>U</verso><badge>121850</badge><data>2024-04-16</data><minuti>808</minuti><testina>5405</testina><concentratore>CONC</concentratore></timbratura><timbratura><identificativo>50954569</identificativo><verso>E</verso><badge>121506</badge><data>2024-04-16</data><minuti>808</minuti><testina>6602</testina><concentratore>CONC</concentratore></timbratura><timbratura><identificativo>50954570</identificativo><verso>E</verso><badge>100458</badge><data>2024-04-16</data><minuti>808</minuti><testina>1503</testina><concentratore>CONC</concentratore></timbratura><timbratura><identificativo>50954571</identificativo><verso>U</verso><badge>119788</badge><data>2024-04-16</data><minuti>808</minuti><testina>1506</testina><concentratore>CONC</concentratore></timbratura><timbratura><identificativo>50954572</identificativo><verso>U</verso><badge>117185</badge><data>2024-04-16</data><minuti>808</minuti><testina>1306</testina><concentratore>CONC</concentratore></timbratura><timbratura><identificativo>50954573</identificativo><verso>E</verso><badge>307454</badge><data>2024-04-16</data><minuti>808</minuti><testina>1503</testina><concentratore>CONC</concentratore></timbratura><timbratura><identificativo>50954574</identificativo><verso>U</verso><badge>107543</badge><data>2024-04-16</data><minuti>808</minuti><testina>P801</testina><concentratore>CONC</concentratore></timbratura><timbratura><identificativo>50954575</identificativo><verso>E</verso><badge>121306</badge><data>2024-04-16</data><minuti>808</minuti><testina>2708</testina><concentratore>CONC</concentratore></timbratura></spring-timbrature-acquisizione-in>
