<?xml version="1.0" encoding="UTF-8"?>
<spring-timbrature-acquisizione-in><timbratura><identificativo>50774712</identificativo><verso>E</verso><badge>402691</badge><data>2024-04-02</data><minuti>580</minuti><testina>0101</testina><concentratore>CONC</concentratore></timbratura><timbratura><identificativo>50775311</identificativo><verso>U</verso><badge>402691</badge><data>2024-04-02</data><minuti>669</minuti><testina>0102</testina><concentratore>CONC</concentratore></timbratura><timbratura><identificativo>50869966</identificativo><verso>U</verso><badge>402691</badge><data>2024-04-09</data><minuti>1001</minuti><testina>0104</testina><concentratore>CONC</concentratore></timbratura><timbratura><identificativo>50870874</identificativo><verso>E</verso><badge>402691</badge><data>2024-04-09</data><minuti>1031</minuti><testina>0103</testina><concentratore>CONC</concentratore></timbratura></spring-timbrature-acquisizione-in>
